<?xml version="1.0" encoding="UTF-8"?>
<project-private xmlns="http://www.netbeans.org/ns/project-private/1">
    <editor-bookmarks xmlns="http://www.netbeans.org/ns/editor-bookmarks/2" lastBookmarkId="0"/>
    <open-files xmlns="http://www.netbeans.org/ns/projectui-open-files/2">
        <group>
            <file>file:/C:/Users/Victor/Documents/GitHub/Bookstore-Project/BookStoreApplication/src/bookstoreapplication/GUIs/LoginGUI.java</file>
            <file>file:/C:/Users/Victor/Documents/GitHub/Bookstore-Project/BookStoreApplication/src/bookstoreapplication/LoginManager.java</file>
            <file>file:/C:/Users/Victor/Documents/GitHub/Bookstore-Project/BookStoreApplication/src/bookstoreapplication/OwnerBookManager.java</file>
            <file>file:/C:/Users/Victor/Documents/GitHub/Bookstore-Project/BookStoreApplication/src/bookstoreapplication/DataStructures/UserEntity.java</file>
            <file>file:/C:/Users/Victor/Documents/GitHub/Bookstore-Project/BookStoreApplication/src/bookstoreapplication/BookData.java</file>
            <file>file:/C:/Users/Victor/Documents/GitHub/Bookstore-Project/BookStoreApplication/src/bookstoreapplication/main.java</file>
            <file>file:/C:/Users/Victor/Documents/GitHub/Bookstore-Project/BookStoreApplication/src/bookstoreapplication/GUIs/CustomerGUI.java</file>
            <file>file:/C:/Users/Victor/Documents/GitHub/Bookstore-Project/BookStoreApplication/src/bookstoreapplication/GUIs/CustomerCostGUI.java</file>
            <file>file:/C:/Users/Victor/Documents/GitHub/Bookstore-Project/BookStoreApplication/src/bookstoreapplication/TestMain.java</file>
            <file>file:/C:/Users/Victor/Documents/GitHub/Bookstore-Project/BookStoreApplication/src/bookstoreapplication/AccountManager.java</file>
            <file>file:/C:/Users/Victor/Documents/GitHub/Bookstore-Project/BookStoreApplication/src/bookstoreapplication/Viewable.java</file>
            <file>file:/C:/Users/Victor/Documents/GitHub/Bookstore-Project/BookStoreApplication/src/bookstoreapplication/DataStructures/OwnerData.java</file>
            <file>file:/C:/Users/Victor/Documents/GitHub/Bookstore-Project/BookStoreApplication/src/bookstoreapplication/BookStoreApplication.java</file>
            <file>file:/C:/Users/Victor/Documents/GitHub/Bookstore-Project/BookStoreApplication/src/bookstoreapplication/BookManager.java</file>
            <file>file:/C:/Users/Victor/Documents/GitHub/Bookstore-Project/BookStoreApplication/src/bookstoreapplication/CartManager.java</file>
            <file>file:/C:/Users/Victor/Documents/GitHub/Bookstore-Project/BookStoreApplication/src/bookstoreapplication/DataStructures/CustomerData.java</file>
            <file>file:/C:/Users/Victor/Documents/GitHub/Bookstore-Project/BookStoreApplication/src/bookstoreapplication/FileGateway.java</file>
        </group>
    </open-files>
</project-private>
